name,season,team,salary,candidate_1_id,candidate_1_score,candidate_2_id,candidate_2_score,candidate_3_id,candidate_3_score
Marcus Williams,2007-2008,SAS,1193090,1135,100.0,1221,100.0,2525,85.71428571428572
Nene Hilario,2011-2012,WAS,,1731,59.25925925925925,1821,59.25925925925925,961,58.33333333333333
Luc Richard Mbah a Moute,2011-2012,MIL,,1277,80.0,654,60.0,3603,54.054054054054056
Jose Barea,2011-2012,MIN,,1117,77.77777777777779,2413,69.56521739130434,2182,66.66666666666667
B.J. Mullens,2011-2012,CHA,,1306,78.26086956521739,1026,66.66666666666667,1952,63.63636363636363
Ishmael Smith,2011-2012,ORL,,312,84.61538461538461,1389,81.81818181818181,2130,72.0
Diamon Simpson,2011-2012,HOU,,1843,74.07407407407408,1039,71.42857142857143,2037,68.96551724137932
Nene Hilario,2012-2013,WAS,,1731,59.25925925925925,1821,59.25925925925925,961,58.33333333333333
Jose Barea,2012-2013,MIN,,1117,77.77777777777779,2413,69.56521739130434,2182,66.66666666666667
Luc Richard Mbah a Moute,2012-2013,MIL,,1277,80.0,654,60.0,3603,54.054054054054056
B.J. Mullens,2012-2013,CHA,,1306,78.26086956521739,1026,66.66666666666667,1952,63.63636363636363
Ishmael Smith,2012-2013,MIL,,312,84.61538461538461,1389,81.81818181818181,2130,72.0
Christapher Johnson,2012-2013,MEM,,1365,81.25,1519,81.25,2776,72.72727272727273
Christapher Johnson,2012-2013,MEM,,1365,81.25,1519,81.25,2776,72.72727272727273
Glen Rice Jr,2013-2014,WAS,490180,181,100.0,1610,100.0,3697,100.0
Nene Hilario,2013-2014,WAS,,1731,59.25925925925925,1821,59.25925925925925,961,58.33333333333333
Jose Barea,2013-2014,MIN,,1117,77.77777777777779,2413,69.56521739130434,2182,66.66666666666667
Luc Richard Mbah a Moute,2013-2014,MIN,,1277,80.0,654,60.0,3603,54.054054054054056
Luigi Datome,2013-2014,DET,,1609,86.95652173913044,2589,54.54545454545454,3323,53.84615384615385
Ishmael Smith,2013-2014,PHX,,312,84.61538461538461,1389,81.81818181818181,2130,72.0
B.J. Mullens,2013-2014,PHI,,1306,78.26086956521739,1026,66.66666666666667,1952,63.63636363636363
Glen Rice Jr.,2013-2014,WAS,,181,100.0,1610,100.0,3697,100.0
Christapher Johnson,2013-2014,BOS,,1365,81.25,1519,81.25,2776,72.72727272727273
Christapher Johnson,2013-2014,BOS,,1365,81.25,1519,81.25,2776,72.72727272727273
Christapher Johnson,2013-2014,BOS,,1365,81.25,1519,81.25,2776,72.72727272727273
Glen Rice Jr,2014-2015,WAS,470677,181,100.0,1610,100.0,3697,100.0
Nene Hilario,2014-2015,WAS,,1731,59.25925925925925,1821,59.25925925925925,961,58.33333333333333
Luc Richard Mbah a Moute,2014-2015,PHI,,1277,80.0,654,60.0,3603,54.054054054054056
Luigi Datome,2014-2015,BOS,,1609,86.95652173913044,2589,54.54545454545454,3323,53.84615384615385
Jose Barea,2014-2015,DAL,,1117,77.77777777777779,2413,69.56521739130434,2182,66.66666666666667
Ishmael Smith,2014-2015,PHI,,312,84.61538461538461,1389,81.81818181818181,2130,72.0
Roy Devyn Marble,2014-2015,ORL,,1680,85.71428571428572,3405,76.92307692307692,1154,62.06896551724138
James McAdoo,2014-2015,GSW,,485,75.0,1698,75.0,210,69.56521739130434
Christapher Johnson,2014-2015,UTA,,1365,81.25,1519,81.25,2776,72.72727272727273
Christapher Johnson,2014-2015,UTA,,1365,81.25,1519,81.25,2776,72.72727272727273
Christapher Johnson,2014-2015,MIL,,1365,81.25,1519,81.25,2776,72.72727272727273
Christapher Johnson,2014-2015,MIL,,1365,81.25,1519,81.25,2776,72.72727272727273
James McAdoo,2014-2015,GSW,,485,75.0,1698,75.0,210,69.56521739130434
James McAdoo,2014-2015,GSW,,485,75.0,1698,75.0,210,69.56521739130434
Nene Hilario,2015-2016,WAS,,1731,59.25925925925925,1821,59.25925925925925,961,58.33333333333333
Jose Barea,2015-2016,DAL,,1117,77.77777777777779,2413,69.56521739130434,2182,66.66666666666667
Luc Richard Mbah a Moute,2015-2016,LAC,,1277,80.0,654,60.0,3603,54.054054054054056
Ishmael Smith,2015-2016,PHI,,312,84.61538461538461,1389,81.81818181818181,2130,72.0
Joseph Young,2015-2016,IND,,1775,85.71428571428572,1699,69.56521739130434,238,66.66666666666667
Walter Tavares,2015-2016,ATL,,3328,76.92307692307692,1300,74.07407407407408,1767,72.0
Christapher Johnson,2015-2016,UTA,,1365,81.25,1519,81.25,2776,72.72727272727273
James McAdoo,2015-2016,GSW,,485,75.0,1698,75.0,210,69.56521739130434
Roy Devyn Marble,2015-2016,ORL,,1680,85.71428571428572,3405,76.92307692307692,1154,62.06896551724138
Ishmael Smith,2016-2017,DET,,312,84.61538461538461,1389,81.81818181818181,2130,72.0
Jose Barea,2016-2017,DAL,,1117,77.77777777777779,2413,69.56521739130434,2182,66.66666666666667
Nene Hilario,2016-2017,HOU,,1731,59.25925925925925,1821,59.25925925925925,961,58.33333333333333
Luc Richard Mbah a Moute,2016-2017,LAC,,1277,80.0,654,60.0,3603,54.054054054054056
Joseph Young,2016-2017,IND,,1775,85.71428571428572,1699,69.56521739130434,238,66.66666666666667
James McAdoo,2016-2017,GSW,,485,75.0,1698,75.0,210,69.56521739130434
Sheldon McClellan,2016-2017,WAS,,130,71.42857142857143,1891,71.42857142857143,1417,62.5
Walter Tavares,2016-2017,CLE,,3328,76.92307692307692,1300,74.07407407407408,1767,72.0
Ishmael Smith,2017-2018,DET,,312,84.61538461538461,1389,81.81818181818181,2130,72.0
Jose Barea,2017-2018,DAL,,1117,77.77777777777779,2413,69.56521739130434,2182,66.66666666666667
Nene Hilario,2017-2018,HOU,,1731,59.25925925925925,1821,59.25925925925925,961,58.33333333333333
Luc Richard Mbah a Moute,2017-2018,HOU,,1277,80.0,654,60.0,3603,54.054054054054056
Joseph Young,2017-2018,IND,,1775,85.71428571428572,1699,69.56521739130434,238,66.66666666666667
Wesley Iwundu,2017-2018,ORL,,2022,86.95652173913044,437,61.53846153846154,1422,59.25925925925925
Le'Bryan Nash,2017-2018,HOU,,57,66.66666666666667,906,66.66666666666667,53,63.63636363636363
Jaylen Johnson,2017-2018,CHI,,2393,96.2962962962963,1325,81.4814814814815,1741,81.4814814814815
Ishmael Smith,2018-2019,DET,,312,84.61538461538461,1389,81.81818181818181,2130,72.0
Mohamed Bamba,2018-2019,ORL,,2106,76.19047619047619,2833,71.42857142857143,1141,61.53846153846154
Jose Barea,2018-2019,DAL,,1117,77.77777777777779,2413,69.56521739130434,2182,66.66666666666667
Nene Hilario,2018-2019,HOU,,1731,59.25925925925925,1821,59.25925925925925,961,58.33333333333333
Sviatoslav Mykhailiuk,2018-2019,DET,,2116,80.0,1807,51.61290322580645,1628,51.28205128205128
Wesley Iwundu,2018-2019,ORL,,2022,86.95652173913044,437,61.53846153846154,1422,59.25925925925925
Justin Bibbs,2018-2019,LAC,,2185,74.07407407407408,1126,66.66666666666667,2184,66.66666666666667
Justin Bibbs,2018-2019,LAC,,2185,74.07407407407408,1126,66.66666666666667,2184,66.66666666666667
Cody Demps,2018-2019,SAC,,114,70.0,2672,60.86956521739131,417,60.0
Richard Solomon,2018-2019,OKC,,654,70.96774193548387,3286,70.96774193548387,789,68.75
Stephan Hicks,2018-2019,IND,,733,71.42857142857143,1233,66.66666666666667,2741,66.66666666666667
Tarik Phillip,2018-2019,WAS,,2611,64.28571428571428,2317,62.06896551724138,2525,61.53846153846154
Ishmael Smith,2019-2020,WAS,,312,84.61538461538461,1389,81.81818181818181,2130,72.0
Mohamed Bamba,2019-2020,ORL,,2106,76.19047619047619,2833,71.42857142857143,1141,61.53846153846154
Jose Barea,2019-2020,DAL,,1117,77.77777777777779,2413,69.56521739130434,2182,66.66666666666667
Wesley Iwundu,2019-2020,ORL,,2022,86.95652173913044,437,61.53846153846154,1422,59.25925925925925
Sviatoslav Mykhailiuk,2019-2020,DET,,2116,80.0,1807,51.61290322580645,1628,51.28205128205128
Nicolas Claxton,2019-2020,BKN,,2216,84.61538461538461,3669,73.33333333333334,1285,71.42857142857143
Luc Richard Mbah a Moute,2019-2020,HOU,,1277,80.0,654,60.0,3603,54.054054054054056
Sheldon McClellan,2019-2020,CLE,,130,71.42857142857143,1891,71.42857142857143,1417,62.5
Sir'Dominic Pointer,2019-2020,CLE,,1196,60.60606060606061,1375,60.60606060606061,2434,60.0
Ishmael Smith,2020-2021,WAS,,312,84.61538461538461,1389,81.81818181818181,2130,72.0
Mohamed Bamba,2020-2021,ORL,,2106,76.19047619047619,2833,71.42857142857143,1141,61.53846153846154
Luca Vildoza,2020-2021,NYK,,2826,57.14285714285714,2426,54.54545454545454,1718,53.84615384615385
Wesley Iwundu,2020-2021,NOP,,2022,86.95652173913044,437,61.53846153846154,1422,59.25925925925925
Sviatoslav Mykhailiuk,2020-2021,OKC,,2116,80.0,1807,51.61290322580645,1628,51.28205128205128
Nicolas Claxton,2020-2021,BKN,,2216,84.61538461538461,3669,73.33333333333334,1285,71.42857142857143
Caleb Homesley,2020-2021,WAS,,2478,66.66666666666667,2773,66.66666666666667,68,64.28571428571428
Luca Vildoza,2021-2022,MIL,42789,2826,57.14285714285714,2426,54.54545454545454,1718,53.84615384615385
Mohamed Bamba,2021-2022,ORL,,2106,76.19047619047619,2833,71.42857142857143,1141,61.53846153846154
Ishmael Smith,2021-2022,WAS,,312,84.61538461538461,1389,81.81818181818181,2130,72.0
Nah'Shon Hyland,2021-2022,DEN,,2352,69.23076923076923,2256,66.66666666666667,3344,62.06896551724138
Cameron Thomas,2021-2022,BKN,,2357,83.33333333333334,63,80.0,631,76.92307692307692
Nicolas Claxton,2021-2022,BKN,,2216,84.61538461538461,3669,73.33333333333334,1285,71.42857142857143
Sviatoslav Mykhailiuk,2021-2022,TOR,,2116,80.0,1807,51.61290322580645,1628,51.28205128205128
Wesley Iwundu,2021-2022,ATL,,2022,86.95652173913044,437,61.53846153846154,1422,59.25925925925925
Aric Holman,2021-2022,MIA,,121,69.23076923076923,1686,66.66666666666667,2297,66.66666666666667
Malik Ellison,2021-2022,ATL,,778,75.0,1278,74.07407407407408,2622,74.07407407407408
Justin Tillman,2021-2022,ATL,,1126,75.86206896551724,1474,71.42857142857143,1620,68.96551724137932
Ishmail Wainright,2021-2022,PHX,,2387,86.66666666666667,383,64.51612903225806,2433,62.5
Mohamed Bamba,2022-2023,ORL,,2106,76.19047619047619,2833,71.42857142857143,1141,61.53846153846154
Nicolas Claxton,2022-2023,BKN,,2216,84.61538461538461,3669,73.33333333333334,1285,71.42857142857143
Ishmael Smith,2022-2023,DEN,,312,84.61538461538461,1389,81.81818181818181,2130,72.0
Nah'Shon Hyland,2022-2023,DEN,,2352,69.23076923076923,2256,66.66666666666667,3344,62.06896551724138
Cameron Thomas,2022-2023,BKN,,2357,83.33333333333334,63,80.0,631,76.92307692307692
Sviatoslav Mykhailiuk,2022-2023,NYK,,2116,80.0,1807,51.61290322580645,1628,51.28205128205128
